card-code,set-name,stock-quantity
172,Twilight Masquerade,2
173,Twilight Masquerade,7
175,Twilight Masquerade,3
176,Twilight Masquerade,2
174,Twilight Masquerade,2
171,Twilight Masquerade,4
177,Twilight Masquerade,1
178,Twilight Masquerade,1
179,Twilight Masquerade,1
180,Twilight Masquerade,1
215,Silver Tempest,0
74,Shrouded Fable,0
SV024,Shining Fates,0
87,Prismatic Evolutions,0
SV014,Shining Fates,0
TG25,Lost Origin,0
206,Paradox Rift,0
209,Paldean Fates,0
240,Paldean Fates,0
175,Prismatic Evolutions,0
230,Obsidian Flames,0
182,Vivid Voltage,0
195,Sword & Shield,0
91,Sword & Shield,0
176,Astral Radiance,0
191,Rebel Clash,0
75,Champion'S Path,0
225,Evolving Skies,0
7,Prismatic Evolutions,0
33,Darkness Ablaze,0
63,Prismatic Evolutions,0
GG26,Crown Zenith,0
27,Champion'S Path,0
GG70,Crown Zenith,0
205,Silver Tempest,0
49,Prismatic Evolutions,0
GG42,Crown Zenith,0
SV119,Shining Fates,0
138,Sword & Shield,0
194,Surging Sparks,0
213,Scarlet & Violet,0
SV044,Shining Fates,0
202,Evolving Skies,0
113,Chilling Reign,0
183,Paldean Fates,0
201,Paldea Evolved,0
SV083,Shining Fates,0
191,Surging Sparks,0
83,Go,0
257,Fusion Strike,0
169,Battle Styles,0
215,Astral Radiance,0
164,Chilling Reign,0
19,Prismatic Evolutions,0
213,Paldea Evolved,0
188,Sword & Shield,0
183,Twilight Masquerade,0
SV091,Shining Fates,0
SV006,Shining Fates,0
257,Scarlet & Violet,0
202,Surging Sparks,0
SV100,Shining Fates,0
186,Vivid Voltage,0
146,Prismatic Evolutions,0
TG28,Silver Tempest,0
SV095,Shining Fates,0
192,Sword & Shield,0
215,Scarlet & Violet,0
163,Paldean Fates,0
226,Paradox Rift,0
66,Crown Zenith,0
147,Battle Styles,0
GG34,Crown Zenith,0
184,Darkness Ablaze,0
69,Champion'S Path,0
210,Sword & Shield,0
17,Brilliant Stars,0
GG67,Crown Zenith,0
194,Chilling Reign,0
180,Scarlet & Violet 151,0
184,Brilliant Stars,0
245,Paldea Evolved,0
275,Paldea Evolved,0
98,Paradox Rift,0
46,Chilling Reign,0
114,Darkness Ablaze,0
58,Prismatic Evolutions,0
248,Scarlet & Violet,0
180,Battle Styles,0
TG09,Astral Radiance,0
SV047,Shining Fates,0
174,Temporal Forces,0
211,Scarlet & Violet,0
79,Go,0
142,Surging Sparks,0
12,Prismatic Evolutions,0
177,Brilliant Stars,0
99,Shrouded Fable,0
119,Vivid Voltage,0
TG18,Silver Tempest,0
260,Paldea Evolved,0
170,Astral Radiance,0
104,Paldean Fates,0
115,Prismatic Evolutions,0
190,Darkness Ablaze,0
134,Stellar Crown,0
79,Fusion Strike,0
20,Prismatic Evolutions,0
190,Paldean Fates,0
177,Battle Styles,0
177,Prismatic Evolutions,0
94,Twilight Masquerade,0
254,Scarlet & Violet,0
58,Evolving Skies,0
179,Battle Styles,0
87,Shrouded Fable,0
207,Astral Radiance,0
57,Lost Origin,0
GG06,Crown Zenith,0
102,Crown Zenith,0
208,Obsidian Flames,0
236,Surging Sparks,0
232,Scarlet & Violet,0
50,Sword & Shield,0
83,Shrouded Fable,0
214,Astral Radiance,0
185,Vivid Voltage,0
157,Prismatic Evolutions,0
153,Paldean Fates,0
170,Stellar Crown,0
256,Fusion Strike,0
165,Chilling Reign,0
205,Surging Sparks,0
66,Obsidian Flames,0
76,Scarlet & Violet 151,0
198,Twilight Masquerade,0
212,Surging Sparks,0
224,Paradox Rift,0
201,Paradox Rift,0
87,Astral Radiance,0
188,Darkness Ablaze,0
149,Paldean Fates,0
174,Stellar Crown,0
204,Silver Tempest,0
SV080,Shining Fates,0
TG12,Brilliant Stars,0
200,Paldean Fates,0
186,Brilliant Stars,0
100,Prismatic Evolutions,0
269,Fusion Strike,0
128,Silver Tempest,0
78,Prismatic Evolutions,0
115,Vivid Voltage,0
279,Paldea Evolved,0
124,Paldean Fates,0
265,Fusion Strike,0
194,Scarlet & Violet 151,0
179,Lost Origin,0
1,Prismatic Evolutions,0
148,Prismatic Evolutions,0
196,Darkness Ablaze,0
146,Battle Styles,0
TG22,Silver Tempest,0
23,Twilight Masquerade,0
TG09,Lost Origin,0
SV101,Shining Fates,0
88,Brilliant Stars,0
88,Shrouded Fable,0
21,Fusion Strike,0
137,Rebel Clash,0
227,Paradox Rift,0
222,Obsidian Flames,0
206,Obsidian Flames,0
223,Obsidian Flames,0
68,Prismatic Evolutions,0
216,Temporal Forces,0
34,Silver Tempest,0
59,Prismatic Evolutions,0
189,Scarlet & Violet 151,0
198,Surging Sparks,0
45,Scarlet & Violet,0
238,Paldea Evolved,0
115,Paldean Fates,0
198,Paldea Evolved,0
SV040,Shining Fates,0
181,Darkness Ablaze,0
12,Temporal Forces,0
154,Brilliant Stars,0
144,Prismatic Evolutions,0
47,Champion'S Path,0
TG05,Lost Origin,0
169,Vivid Voltage,0
GG12,Crown Zenith,0
TG09,Silver Tempest,0
207,Temporal Forces,0
13,Brilliant Stars,0
79,Prismatic Evolutions,0
121,Prismatic Evolutions,0
284,Fusion Strike,0
203,Astral Radiance,0
68,Shrouded Fable,0
78,Fusion Strike,0
76,Surging Sparks,0
SV079,Shining Fates,0
174,Paldean Fates,0
TG26,Astral Radiance,0
153,Brilliant Stars,0
SV011,Shining Fates,0
193,Paradox Rift,0
165,Brilliant Stars,0
TG17,Astral Radiance,0
87,Battle Styles,0
231,Paldea Evolved,0
17,Prismatic Evolutions,0
205,Scarlet & Violet,0
196,Temporal Forces,0
193,Vivid Voltage,0
197,Chilling Reign,0
267,Paldea Evolved,0
14,Champion'S Path,0
101,Prismatic Evolutions,0
173,Silver Tempest,0
221,Paldea Evolved,0
196,Silver Tempest,0
137,Lost Origin,0
196,Paradox Rift,0
175,Lost Origin,0
157,Stellar Crown,0
276,Fusion Strike,0
TG24,Astral Radiance,0
58,Paradox Rift,0
85,Go,0
203,Lost Origin,0
GG47,Crown Zenith,0
111,Paldean Fates,0
41,Stellar Crown,0
261,Paldea Evolved,0
69,Darkness Ablaze,0
224,Chilling Reign,0
30,Evolving Skies,0
95,Crown Zenith,0
153,Rebel Clash,0
192,Temporal Forces,0
83,Prismatic Evolutions,0
204,Paldea Evolved,0
161,Chilling Reign,0
273,Fusion Strike,0
SV029,Shining Fates,0
181,Brilliant Stars,0
TG28,Brilliant Stars,0
142,Battle Styles,0
87,Go,0
SV048,Shining Fates,0
152,Prismatic Evolutions,0
76,Fusion Strike,0
176,Temporal Forces,0
144,Battle Styles,0
37,Prismatic Evolutions,0
220,Chilling Reign,0
172,Chilling Reign,0
186,Twilight Masquerade,0
64,Shining Fates,0
204,Scarlet & Violet 151,0
29,Brilliant Stars,0
147,Surging Sparks,0
89,Prismatic Evolutions,0
58,Silver Tempest,0
71,Shining Fates,0
177,Rebel Clash,0
177,Vivid Voltage,0
42,Prismatic Evolutions,0
179,Darkness Ablaze,0
281,Fusion Strike,0
183,Battle Styles,0
81,Temporal Forces,0
246,Surging Sparks,0
67,Stellar Crown,0
TG26,Lost Origin,0
TG27,Astral Radiance,0
19,Crown Zenith,0
182,Darkness Ablaze,0
GG60,Crown Zenith,0
105,Paldean Fates,0
TG08,Silver Tempest,0
SV110,Shining Fates,0
272,Fusion Strike,0
155,Stellar Crown,0
192,Darkness Ablaze,0
167,Scarlet & Violet 151,0
32,Scarlet & Violet,0
200,Rebel Clash,0
235,Paradox Rift,0
269,Paldea Evolved,0
SV073,Shining Fates,0
31,Evolving Skies,0
55,Rebel Clash,0
250,Scarlet & Violet,0
149,Prismatic Evolutions,0
25,Temporal Forces,0
101,Evolving Skies,0
155,Battle Styles,0
26,Prismatic Evolutions,0
258,Paldea Evolved,0
227,Scarlet & Violet,0
175,Chilling Reign,0
135,Lost Origin,0
22,Prismatic Evolutions,0
251,Fusion Strike,0
52,Prismatic Evolutions,0
156,Fusion Strike,0
28,Evolving Skies,0
65,Evolving Skies,0
145,Scarlet & Violet 151,0
165,Paldean Fates,0
76,Champion'S Path,0
64,Twilight Masquerade,0
216,Twilight Masquerade,0
SV112,Shining Fates,0
193,Lost Origin,0
167,Twilight Masquerade,0
161,Paldean Fates,0
15,Prismatic Evolutions,0
158,Stellar Crown,0
20,Crown Zenith,0
213,Temporal Forces,0
SV051,Shining Fates,0
110,Stellar Crown,0
253,Paldea Evolved,0
TG15,Lost Origin,0
196,Paldean Fates,0
161,Stellar Crown,0
201,Paldean Fates,0
11,Go,0
167,Prismatic Evolutions,0
48,Evolving Skies,0
100,Evolving Skies,0
220,Obsidian Flames,0
13,Prismatic Evolutions,0
SV065,Shining Fates,0
206,Rebel Clash,0
181,Lost Origin,0
4,Go,0
224,Paldea Evolved,0
221,Paldean Fates,0
241,Paldean Fates,0
163,Stellar Crown,0
91,Surging Sparks,0
SV066,Shining Fates,0
168,Battle Styles,0
6,Scarlet & Violet 151,0
16,Prismatic Evolutions,0
11,Prismatic Evolutions,0
SV023,Shining Fates,0
241,Paradox Rift,0
191,Temporal Forces,0
238,Surging Sparks,0
176,Evolving Skies,0
172,Astral Radiance,0
TG19,Brilliant Stars,0
179,Scarlet & Violet 151,0
101,Paldean Fates,0
232,Paldea Evolved,0
GG28,Crown Zenith,0
SV084,Shining Fates,0
41,Evolving Skies,0
21,Vivid Voltage,0
34,Darkness Ablaze,0
204,Astral Radiance,0
TG20,Brilliant Stars,0
212,Paradox Rift,0
266,Paldea Evolved,0
154,Prismatic Evolutions,0
136,Stellar Crown,0
197,Temporal Forces,0
76,Go,0
78,Shrouded Fable,0
188,Paradox Rift,0
270,Paldea Evolved,0
97,Chilling Reign,0
9,Prismatic Evolutions,0
143,Darkness Ablaze,0
186,Paradox Rift,0
186,Lost Origin,0
230,Paradox Rift,0
207,Twilight Masquerade,0
40,Twilight Masquerade,0
63,Battle Styles,0
188,Temporal Forces,0
233,Surging Sparks,0
GG55,Crown Zenith,0
66,Paldean Fates,0
SV064,Shining Fates,0
74,Evolving Skies,0
227,Paldea Evolved,0
GG62,Crown Zenith,0
SV070,Shining Fates,0
211,Chilling Reign,0
175,Battle Styles,0
216,Paradox Rift,0
22,Battle Styles,0
198,Evolving Skies,0
155,Paradox Rift,0
74,Champion'S Path,0
203,Scarlet & Violet 151,0
192,Evolving Skies,0
25,Prismatic Evolutions,0
TG06,Astral Radiance,0
149,Stellar Crown,0
100,Chilling Reign,0
213,Twilight Masquerade,0
157,Battle Styles,0
TG21,Lost Origin,0
80,Champion'S Path,0
155,Brilliant Stars,0
168,Vivid Voltage,0
92,Paldean Fates,0
168,Chilling Reign,0
238,Paldean Fates,0
197,Darkness Ablaze,0
66,Shining Fates,0
206,Sword & Shield,0
202,Scarlet & Violet 151,0
SV055,Shining Fates,0
195,Darkness Ablaze,0
180,Chilling Reign,0
231,Surging Sparks,0
18,Rebel Clash,0
211,Paldea Evolved,0
161,Battle Styles,0
164,Paldean Fates,0
211,Obsidian Flames,0
195,Vivid Voltage,0
17,Shining Fates,0
132,Prismatic Evolutions,0
200,Surging Sparks,0
2,Prismatic Evolutions,0
TG28,Astral Radiance,0
GG59,Crown Zenith,0
270,Fusion Strike,0
146,Paldean Fates,0
SV028,Shining Fates,0
TG05,Astral Radiance,0
230,Paldea Evolved,0
237,Scarlet & Violet,0
54,Astral Radiance,0
TG27,Brilliant Stars,0
SV030,Shining Fates,0
35,Prismatic Evolutions,0
58,Chilling Reign,0
65,Prismatic Evolutions,0
TG29,Astral Radiance,0
243,Paradox Rift,0
122,Paldean Fates,0
126,Prismatic Evolutions,0
179,Obsidian Flames,0
202,Vivid Voltage,0
SV036,Shining Fates,0
170,Brilliant Stars,0
104,Prismatic Evolutions,0
70,Champion'S Path,0
5,Paldea Evolved,0
197,Astral Radiance,0
146,Stellar Crown,0
SV034,Shining Fates,0
225,Twilight Masquerade,0
GG21,Crown Zenith,0
TG13,Astral Radiance,0
47,Prismatic Evolutions,0
183,Paradox Rift,0
SV001,Shining Fates,0
196,Astral Radiance,0
255,Paldea Evolved,0
184,Paradox Rift,0
73,Astral Radiance,0
156,Paradox Rift,0
150,Paldean Fates,0
204,Paldean Fates,0
230,Evolving Skies,0
171,Silver Tempest,0
89,Chilling Reign,0
114,Prismatic Evolutions,0
106,Twilight Masquerade,0
171,Astral Radiance,0
207,Paldea Evolved,0
157,Fusion Strike,0
183,Astral Radiance,0
176,Paldean Fates,0
182,Rebel Clash,0
SV082,Shining Fates,0
207,Sword & Shield,0
174,Battle Styles,0
86,Sword & Shield,0
200,Paradox Rift,0
182,Silver Tempest,0
81,Shrouded Fable,0
234,Paldea Evolved,0
98,Vivid Voltage,0
227,Paldean Fates,0
100,Paradox Rift,0
86,Prismatic Evolutions,0
98,Shrouded Fable,0
177,Astral Radiance,0
124,Prismatic Evolutions,0
30,Astral Radiance,0
187,Evolving Skies,0
72,Prismatic Evolutions,0
205,Scarlet & Violet 151,0
TG04,Lost Origin,0
88,Go,0
140,Prismatic Evolutions,0
239,Scarlet & Violet,0
70,Shrouded Fable,0
194,Paldean Fates,0
155,Prismatic Evolutions,0
225,Obsidian Flames,0
202,Paldean Fates,0
168,Temporal Forces,0
29,Prismatic Evolutions,0
40,Go,0
104,Temporal Forces,0
168,Astral Radiance,0
193,Chilling Reign,0
203,Rebel Clash,0
189,Vivid Voltage,0
96,Paldean Fates,0
208,Scarlet & Violet,0
112,Prismatic Evolutions,0
1,Darkness Ablaze,0
57,Silver Tempest,0
196,Sword & Shield,0
169,Brilliant Stars,0
117,Evolving Skies,0
129,Lost Origin,0
95,Paldean Fates,0
86,Surging Sparks,0
171,Vivid Voltage,0
TG23,Astral Radiance,0
164,Astral Radiance,0
232,Chilling Reign,0
186,Paldean Fates,0
203,Paldea Evolved,0
25,Twilight Masquerade,0
72,Go,0
SV081,Shining Fates,0
TG17,Brilliant Stars,0
58,Lost Origin,0
212,Paldean Fates,0
4,Prismatic Evolutions,0
112,Paldean Fates,0
236,Scarlet & Violet,0
159,Brilliant Stars,0
215,Twilight Masquerade,0
GG16,Crown Zenith,0
214,Sword & Shield,0
70,Rebel Clash,0
145,Battle Styles,0
51,Stellar Crown,0
178,Rebel Clash,0
206,Surging Sparks,0
17,Rebel Clash,0
84,Go,0
267,Fusion Strike,0
2,Paldean Fates,0
TG21,Brilliant Stars,0
61,Twilight Masquerade,0
77,Go,0
180,Darkness Ablaze,0
104,Sword & Shield,0
15,Obsidian Flames,0
229,Paldea Evolved,0
60,Shrouded Fable,0
SV116,Shining Fates,0
219,Chilling Reign,0
37,Crown Zenith,0
120,Silver Tempest,0
192,Silver Tempest,0
TG10,Lost Origin,0
189,Lost Origin,0
6,Prismatic Evolutions,0
GG48,Crown Zenith,0
209,Scarlet & Violet,0
22,Temporal Forces,0
207,Scarlet & Violet,0
187,Temporal Forces,0
79,Sword & Shield,0
GG69,Crown Zenith,0
49,Astral Radiance,0
199,Surging Sparks,0
188,Twilight Masquerade,0
174,Scarlet & Violet 151,0
221,Paradox Rift,0
40,Brilliant Stars,0
244,Paradox Rift,0
210,Twilight Masquerade,0
265,Paldea Evolved,0
213,Obsidian Flames,0
168,Stellar Crown,0
72,Rebel Clash,0
158,Temporal Forces,0
98,Crown Zenith,0
175,Paldean Fates,0
118,Prismatic Evolutions,0
207,Silver Tempest,0
15,Silver Tempest,0
58,Shrouded Fable,0
230,Chilling Reign,0
229,Obsidian Flames,0
74,Prismatic Evolutions,0
209,Silver Tempest,0
150,Paldea Evolved,0
TG15,Brilliant Stars,0
119,Surging Sparks,0
218,Paldea Evolved,0
38,Scarlet & Violet 151,0
53,Chilling Reign,0
172,Lost Origin,0
TG02,Silver Tempest,0
263,Paradox Rift,0
223,Evolving Skies,0
247,Fusion Strike,0
252,Scarlet & Violet,0
18,Go,0
123,Scarlet & Violet,0
37,Shining Fates,0
272,Paldea Evolved,0
115,Darkness Ablaze,0
98,Astral Radiance,0
208,Evolving Skies,0
GG11,Crown Zenith,0
93,Paldean Fates,0
211,Astral Radiance,0
137,Paldean Fates,0
150,Prismatic Evolutions,0
215,Surging Sparks,0
210,Astral Radiance,0
38,Paradox Rift,0
136,Paldean Fates,0
212,Paldea Evolved,0
202,Paradox Rift,0
197,Silver Tempest,0
189,Paldean Fates,0
SV077,Shining Fates,0
134,Twilight Masquerade,0
201,Twilight Masquerade,0
182,Paldean Fates,0
237,Paldean Fates,0
256,Paradox Rift,0
184,Rebel Clash,0
215,Temporal Forces,0
40,Paldea Evolved,0
195,Paradox Rift,0
152,Battle Styles,0
273,Paldea Evolved,0
185,Temporal Forces,0
215,Paldea Evolved,0
73,Obsidian Flames,0
73,Go,0
216,Scarlet & Violet,0
130,Twilight Masquerade,0
216,Sword & Shield,0
223,Surging Sparks,0
232,Paldean Fates,0
211,Surging Sparks,0
70,Prismatic Evolutions,0
7,Silver Tempest,0
193,Rebel Clash,0
233,Paldea Evolved,0
173,Vivid Voltage,0
167,Battle Styles,0
70,Paradox Rift,0
208,Astral Radiance,0
186,Astral Radiance,0
66,Prismatic Evolutions,0
163,Battle Styles,0
151,Battle Styles,0
204,Sword & Shield,0
229,Evolving Skies,0
224,Scarlet & Violet,0
99,Prismatic Evolutions,0
220,Evolving Skies,0
213,Sword & Shield,0
216,Evolving Skies,0
170,Battle Styles,0
168,Evolving Skies,0
73,Shrouded Fable,0
80,Go,0
TG30,Lost Origin,0
72,Astral Radiance,0
180,Prismatic Evolutions,0
207,Paradox Rift,0
212,Twilight Masquerade,0
39,Astral Radiance,0
148,Crown Zenith,0
9,Scarlet & Violet 151,0
24,Sword & Shield,0
123,Brilliant Stars,0
186,Temporal Forces,0
79,Shrouded Fable,0
40,Battle Styles,0
202,Paldea Evolved,0
205,Rebel Clash,0
59,Paldean Fates,0
44,Prismatic Evolutions,0
166,Chilling Reign,0
188,Chilling Reign,0
72,Shrouded Fable,0
98,Prismatic Evolutions,0
TG25,Brilliant Stars,0
SV025,Shining Fates,0
226,Paldean Fates,0
257,Paradox Rift,0
10,Prismatic Evolutions,0
SV032,Shining Fates,0
26,Fusion Strike,0
65,Crown Zenith,0
194,Silver Tempest,0
SV063,Shining Fates,0
14,Stellar Crown,0
211,Evolving Skies,0
32,Stellar Crown,0
251,Surging Sparks,0
18,Crown Zenith,0
SV012,Shining Fates,0
230,Paldean Fates,0
130,Lost Origin,0
TG08,Brilliant Stars,0
20,Chilling Reign,0
216,Paldean Fates,0
192,Twilight Masquerade,0
204,Paradox Rift,0
56,Lost Origin,0
18,Prismatic Evolutions,0
117,Prismatic Evolutions,0
109,Battle Styles,0
203,Paldean Fates,0
218,Scarlet & Violet,0
234,Scarlet & Violet,0
21,Shining Fates,0
199,Rebel Clash,0
121,Rebel Clash,0
234,Paradox Rift,0
TG27,Silver Tempest,0
109,Paldean Fates,0
92,Evolving Skies,0
228,Paradox Rift,0
162,Chilling Reign,0
SV089,Shining Fates,0
73,Fusion Strike,0
40,Prismatic Evolutions,0
136,Prismatic Evolutions,0
234,Evolving Skies,0
135,Silver Tempest,0
240,Scarlet & Violet,0
44,Shining Fates,0
172,Brilliant Stars,0
214,Paldean Fates,0
199,Scarlet & Violet 151,0
173,Prismatic Evolutions,0
39,Fusion Strike,0
246,Scarlet & Violet,0
198,Rebel Clash,0
195,Paldean Fates,0
104,Chilling Reign,0
64,Evolving Skies,0
210,Temporal Forces,0
38,Prismatic Evolutions,0
205,Twilight Masquerade,0
182,Brilliant Stars,0
95,Brilliant Stars,0
135,Paradox Rift,0
40,Fusion Strike,0
212,Chilling Reign,0
SV117,Shining Fates,0
SV072,Shining Fates,0
188,Lost Origin,0
202,Chilling Reign,0
203,Paradox Rift,0
51,Shining Fates,0
SV003,Shining Fates,0
178,Temporal Forces,0
197,Scarlet & Violet 151,0
55,Shining Fates,0
161,Astral Radiance,0
GG22,Crown Zenith,0
71,Go,0
231,Paldean Fates,0
82,Go,0
177,Lost Origin,0
233,Chilling Reign,0
133,Surging Sparks,0
150,Crown Zenith,0
187,Astral Radiance,0
SV042,Shining Fates,0
250,Paldea Evolved,0
148,Battle Styles,0
190,Scarlet & Violet 151,0
131,Lost Origin,0
119,Lost Origin,0
123,Evolving Skies,0
239,Paradox Rift,0
167,Temporal Forces,0
42,Surging Sparks,0
TG29,Brilliant Stars,0
262,Paradox Rift,0
198,Silver Tempest,0
TG15,Silver Tempest,0
189,Silver Tempest,0
209,Obsidian Flames,0
124,Paradox Rift,0
124,Lost Origin,0
SV088,Shining Fates,0
237,Evolving Skies,0
190,Sword & Shield,0
117,Astral Radiance,0
48,Lost Origin,0
178,Lost Origin,0
102,Astral Radiance,0
217,Paradox Rift,0
SV106,Shining Fates,0
178,Evolving Skies,0
123,Temporal Forces,0
88,Prismatic Evolutions,0
210,Surging Sparks,0
129,Prismatic Evolutions,0
188,Scarlet & Violet 151,0
96,Obsidian Flames,0
5,Champion'S Path,0
GG31,Crown Zenith,0
TG30,Silver Tempest,0
45,Prismatic Evolutions,0
69,Shrouded Fable,0
135,Obsidian Flames,0
SV031,Shining Fates,0
230,Surging Sparks,0
94,Astral Radiance,0
TG12,Silver Tempest,0
201,Silver Tempest,0
166,Stellar Crown,0
278,Paldea Evolved,0
184,Vivid Voltage,0
81,Go,0
187,Scarlet & Violet 151,0
200,Scarlet & Violet,0
35,Silver Tempest,0
236,Paldea Evolved,0
TG13,Brilliant Stars,0
55,Prismatic Evolutions,0
194,Temporal Forces,0
51,Crown Zenith,0
187,Chilling Reign,0
219,Evolving Skies,0
196,Rebel Clash,0
TG11,Brilliant Stars,0
190,Rebel Clash,0
95,Evolving Skies,0
158,Scarlet & Violet,0
53,Shining Fates,0
50,Prismatic Evolutions,0
TG01,Lost Origin,0
226,Twilight Masquerade,0
150,Stellar Crown,0
199,Paldea Evolved,0
227,Evolving Skies,0
154,Paldean Fates,0
162,Twilight Masquerade,0
206,Evolving Skies,0
215,Paradox Rift,0
53,Prismatic Evolutions,0
198,Obsidian Flames,0
217,Paldean Fates,0
139,Paldean Fates,0
62,Battle Styles,0
185,Rebel Clash,0
SV019,Shining Fates,0
187,Darkness Ablaze,0
122,Evolving Skies,0
174,Vivid Voltage,0
137,Paradox Rift,0
138,Paldean Fates,0
206,Astral Radiance,0
97,Brilliant Stars,0
SV050,Shining Fates,0
213,Astral Radiance,0
184,Temporal Forces,0
24,Scarlet & Violet 151,0
182,Chilling Reign,0
168,Brilliant Stars,0
84,Shrouded Fable,0
208,Paldean Fates,0
2,Darkness Ablaze,0
69,Paldean Fates,0
33,Prismatic Evolutions,0
GG01,Crown Zenith,0
53,Astral Radiance,0
196,Chilling Reign,0
176,Battle Styles,0
71,Silver Tempest,0
8,Prismatic Evolutions,0
SV120,Shining Fates,0
166,Battle Styles,0
113,Prismatic Evolutions,0
249,Scarlet & Violet,0
89,Stellar Crown,0
230,Scarlet & Violet,0
37,Paldea Evolved,0
193,Surging Sparks,0
202,Obsidian Flames,0
39,Shrouded Fable,0
SV010,Shining Fates,0
167,Brilliant Stars,0
TG22,Lost Origin,0
215,Evolving Skies,0
5,Go,0
201,Lost Origin,0
239,Surging Sparks,0
203,Scarlet & Violet,0
195,Evolving Skies,0
196,Twilight Masquerade,0
211,Twilight Masquerade,0
194,Twilight Masquerade,0
183,Brilliant Stars,0
SV043,Shining Fates,0
13,Crown Zenith,0
108,Paldean Fates,0
200,Darkness Ablaze,0
17,Champion'S Path,0
TG30,Astral Radiance,0
177,Darkness Ablaze,0
160,Crown Zenith,0
169,Evolving Skies,0
245,Paradox Rift,0
215,Chilling Reign,0
86,Shrouded Fable,0
SV054,Shining Fates,0
93,Shrouded Fable,0
SV111,Shining Fates,0
158,Fusion Strike,0
TG18,Brilliant Stars,0
208,Sword & Shield,0
190,Lost Origin,0
TG27,Lost Origin,0
223,Scarlet & Violet,0
136,Silver Tempest,0
SV062,Shining Fates,0
142,Paldean Fates,0
280,Fusion Strike,0
246,Paldea Evolved,0
180,Astral Radiance,0
189,Astral Radiance,0
166,Paldean Fates,0
176,Brilliant Stars,0
277,Fusion Strike,0
215,Obsidian Flames,0
191,Astral Radiance,0
194,Darkness Ablaze,0
268,Fusion Strike,0
252,Paldea Evolved,0
217,Evolving Skies,0
31,Prismatic Evolutions,0
210,Chilling Reign,0
49,Go,0
123,Obsidian Flames,0
221,Evolving Skies,0
182,Evolving Skies,0
247,Paradox Rift,0
108,Prismatic Evolutions,0
22,Vivid Voltage,0
77,Twilight Masquerade,0
44,Fusion Strike,0
143,Paldean Fates,0
TG10,Brilliant Stars,0
128,Paldean Fates,0
199,Temporal Forces,0
202,Silver Tempest,0
156,Stellar Crown,0
216,Paldea Evolved,0
178,Battle Styles,0
176,Vivid Voltage,0
77,Prismatic Evolutions,0
194,Lost Origin,0
185,Evolving Skies,0
176,Lost Origin,0
14,Prismatic Evolutions,0
254,Paldea Evolved,0
219,Twilight Masquerade,0
204,Temporal Forces,0
244,Paldean Fates,0
188,Paldean Fates,0
142,Prismatic Evolutions,0
45,Chilling Reign,0
62,Prismatic Evolutions,0
GG39,Crown Zenith,0
205,Astral Radiance,0
73,Champion'S Path,0
171,Chilling Reign,0
249,Surging Sparks,0
130,Prismatic Evolutions,0
67,Shining Fates,0
27,Prismatic Evolutions,0
162,Surging Sparks,0
179,Astral Radiance,0
96,Brilliant Stars,0
SV022,Shining Fates,0
233,Paradox Rift,0
205,Obsidian Flames,0
156,Prismatic Evolutions,0
163,Temporal Forces,0
96,Shrouded Fable,0
153,Stellar Crown,0
TG03,Lost Origin,0
206,Silver Tempest,0
250,Fusion Strike,0
205,Paldea Evolved,0
209,Temporal Forces,0
SV009,Shining Fates,0
164,Surging Sparks,0
206,Scarlet & Violet 151,0
90,Prismatic Evolutions,0
233,Evolving Skies,0
181,Scarlet & Violet 151,0
91,Prismatic Evolutions,0
108,Rebel Clash,0
209,Chilling Reign,0
49,Rebel Clash,0
TG01,Brilliant Stars,0
174,Astral Radiance,0
151,Stellar Crown,0
21,Chilling Reign,0
136,Lost Origin,0
214,Lost Origin,0
3,Scarlet & Violet 151,0
189,Chilling Reign,0
148,Stellar Crown,0
200,Paldea Evolved,0
47,Go,0
249,Fusion Strike,0
242,Paradox Rift,0
195,Chilling Reign,0
67,Shrouded Fable,0
9,Shining Fates,0
126,Paldean Fates,0
GG52,Crown Zenith,0
44,Vivid Voltage,0
TG26,Brilliant Stars,0
216,Surging Sparks,0
148,Paldean Fates,0
213,Evolving Skies,0
108,Crown Zenith,0
TG21,Astral Radiance,0
185,Twilight Masquerade,0
188,Vivid Voltage,0
90,Shrouded Fable,0
85,Shrouded Fable,0
TG07,Brilliant Stars,0
225,Chilling Reign,0
198,Temporal Forces,0
81,Scarlet & Violet,0
25,Astral Radiance,0
157,Temporal Forces,0
SV061,Shining Fates,0
149,Battle Styles,0
220,Twilight Masquerade,0
169,Chilling Reign,0
4,Surging Sparks,0
134,Prismatic Evolutions,0
198,Lost Origin,0
142,Sword & Shield,0
166,Scarlet & Violet 151,0
179,Silver Tempest,0
256,Paldea Evolved,0
258,Paradox Rift,0
222,Surging Sparks,0
201,Scarlet & Violet,0
28,Stellar Crown,0
128,Brilliant Stars,0
174,Lost Origin,0
65,Scarlet & Violet,0
113,Astral Radiance,0
194,Astral Radiance,0
94,Shrouded Fable,0
203,Obsidian Flames,0
242,Scarlet & Violet,0
106,Brilliant Stars,0
197,Vivid Voltage,0
182,Astral Radiance,0
99,Paldean Fates,0
209,Surging Sparks,0
177,Evolving Skies,0
222,Chilling Reign,0
219,Surging Sparks,0
133,Prismatic Evolutions,0
80,Prismatic Evolutions,0
242,Paldea Evolved,0
30,Stellar Crown,0
38,Temporal Forces,0
239,Paldea Evolved,0
58,Go,0
190,Twilight Masquerade,0
151,Crown Zenith,0
23,Fusion Strike,0
155,Paldean Fates,0
GG56,Crown Zenith,0
147,Prismatic Evolutions,0
195,Paldea Evolved,0
194,Evolving Skies,0
141,Prismatic Evolutions,0
251,Scarlet & Violet,0
15,Shrouded Fable,0
50,Shining Fates,0
7,Chilling Reign,0
184,Scarlet & Violet 151,0
219,Obsidian Flames,0
219,Paldea Evolved,0
79,Paldea Evolved,0
124,Obsidian Flames,0
TG23,Lost Origin,0
274,Fusion Strike,0
169,Paldea Evolved,0
229,Paldean Fates,0
TG24,Brilliant Stars,0
166,Astral Radiance,0
SV108,Shining Fates,0
173,Chilling Reign,0
199,Astral Radiance,0
197,Paldea Evolved,0
165,Prismatic Evolutions,0
80,Shrouded Fable,0
65,Shrouded Fable,0
GG46,Crown Zenith,0
85,Battle Styles,0
131,Prismatic Evolutions,0
167,Evolving Skies,0
169,Astral Radiance,0
57,Prismatic Evolutions,0
TG16,Silver Tempest,0
264,Fusion Strike,0
TG05,Brilliant Stars,0
75,Prismatic Evolutions,0
TG14,Lost Origin,0
196,Vivid Voltage,0
199,Silver Tempest,0
260,Fusion Strike,0
103,Fusion Strike,0
152,Paldean Fates,0
14,Crown Zenith,0
97,Battle Styles,0
279,Fusion Strike,0
68,Paradox Rift,0
116,Paldean Fates,0
203,Silver Tempest,0
123,Lost Origin,0
221,Obsidian Flames,0
208,Lost Origin,0
174,Brilliant Stars,0
GG40,Crown Zenith,0
105,Prismatic Evolutions,0
192,Astral Radiance,0
253,Fusion Strike,0
125,Chilling Reign,0
25,Chilling Reign,0
182,Temporal Forces,0
83,Astral Radiance,0
33,Obsidian Flames,0
235,Paldean Fates,0
199,Darkness Ablaze,0
143,Prismatic Evolutions,0
229,Chilling Reign,0
119,Prismatic Evolutions,0
140,Silver Tempest,0
216,Chilling Reign,0
SV122,Shining Fates,0
242,Paldean Fates,0
218,Surging Sparks,0
189,Paradox Rift,0
248,Surging Sparks,0
69,Lost Origin,0
177,Silver Tempest,0
164,Obsidian Flames,0
210,Paldea Evolved,0
SV086,Shining Fates,0
169,Paldean Fates,0
18,Evolving Skies,0
186,Scarlet & Violet 151,0
198,Scarlet & Violet 151,0
226,Obsidian Flames,0
SV114,Shining Fates,0
200,Twilight Masquerade,0
234,Paldean Fates,0
170,Prismatic Evolutions,0
165,Stellar Crown,0
243,Paldea Evolved,0
228,Chilling Reign,0
SV039,Shining Fates,0
GG08,Crown Zenith,0
112,Twilight Masquerade,0
191,Paldean Fates,0
130,Paldean Fates,0
176,Surging Sparks,0
169,Scarlet & Violet 151,0
201,Scarlet & Violet 151,0
195,Astral Radiance,0
207,Obsidian Flames,0
54,Paldean Fates,0
197,Evolving Skies,0
141,Twilight Masquerade,0
SV067,Shining Fates,0
GG27,Crown Zenith,0
TG01,Silver Tempest,0
102,Paldean Fates,0
45,Shining Fates,0
166,Brilliant Stars,0
179,Rebel Clash,0
176,Chilling Reign,0
139,Silver Tempest,0
236,Evolving Skies,0
208,Chilling Reign,0
162,Battle Styles,0
105,Crown Zenith,0
116,Sword & Shield,0
1,Astral Radiance,0
29,Paldean Fates,0
248,Fusion Strike,0
136,Rebel Clash,0
170,Vivid Voltage,0
209,Paradox Rift,0
SV038,Shining Fates,0
16,Silver Tempest,0
160,Battle Styles,0
151,Prismatic Evolutions,0
253,Paradox Rift,0
143,Stellar Crown,0
27,Paldea Evolved,0
171,Prismatic Evolutions,0
185,Paradox Rift,0
91,Shrouded Fable,0
GG14,Crown Zenith,0
GG20,Crown Zenith,0
185,Fusion Strike,0
SV026,Shining Fates,0
172,Silver Tempest,0
137,Prismatic Evolutions,0
224,Twilight Masquerade,0
196,Evolving Skies,0
1,Stellar Crown,0
214,Obsidian Flames,0
201,Darkness Ablaze,0
68,Surging Sparks,0
GG24,Crown Zenith,0
178,Paldean Fates,0
252,Paradox Rift,0
165,Astral Radiance,0
178,Darkness Ablaze,0
49,Vivid Voltage,0
21,Evolving Skies,0
185,Chilling Reign,0
196,Surging Sparks,0
75,Shrouded Fable,0
111,Temporal Forces,0
184,Paldean Fates,0
159,Battle Styles,0
210,Evolving Skies,0
231,Chilling Reign,0
48,Prismatic Evolutions,0
TG05,Silver Tempest,0
194,Rebel Clash,0
201,Temporal Forces,0
120,Paldean Fates,0
45,Fusion Strike,0
222,Paldean Fates,0
114,Paldean Fates,0
GG05,Crown Zenith,0
226,Chilling Reign,0
209,Evolving Skies,0
217,Chilling Reign,0
GG43,Crown Zenith,0
GG58,Crown Zenith,0
78,Champion'S Path,0
186,Evolving Skies,0
38,Crown Zenith,0
88,Scarlet & Violet,0
172,Battle Styles,0
214,Silver Tempest,0
251,Paldea Evolved,0
84,Prismatic Evolutions,0
SV049,Shining Fates,0
162,Astral Radiance,0
50,Vivid Voltage,0
SV096,Shining Fates,0
TG14,Brilliant Stars,0
51,Prismatic Evolutions,0
201,Obsidian Flames,0
98,Paldean Fates,0
SV057,Shining Fates,0
122,Rebel Clash,0
143,Battle Styles,0
GG19,Crown Zenith,0
172,Stellar Crown,0
171,Paldean Fates,0
84,Astral Radiance,0
193,Temporal Forces,0
146,Fusion Strike,0
225,Paradox Rift,0
106,Prismatic Evolutions,0
184,Twilight Masquerade,0
184,Astral Radiance,0
26,Rebel Clash,0
135,Prismatic Evolutions,0
179,Chilling Reign,0
208,Silver Tempest,0
23,Crown Zenith,0
141,Temporal Forces,0
167,Vivid Voltage,0
164,Brilliant Stars,0
TG23,Silver Tempest,0
150,Battle Styles,0
212,Scarlet & Violet,0
131,Scarlet & Violet,0
91,Evolving Skies,0
191,Paradox Rift,0
23,Prismatic Evolutions,0
180,Temporal Forces,0
192,Chilling Reign,0
75,Paldean Fates,0
53,Paldean Fates,0
TG13,Lost Origin,0
96,Prismatic Evolutions,0
187,Rebel Clash,0
173,Paldean Fates,0
9,Sword & Shield,0
258,Fusion Strike,0
118,Lost Origin,0
199,Scarlet & Violet,0
214,Evolving Skies,0
138,Silver Tempest,0
218,Temporal Forces,0
197,Surging Sparks,0
170,Temporal Forces,0
108,Silver Tempest,0
32,Prismatic Evolutions,0
187,Paradox Rift,0
TG20,Astral Radiance,0
SV098,Shining Fates,0
213,Paldean Fates,0
192,Vivid Voltage,0
SV058,Shining Fates,0
202,Twilight Masquerade,0
122,Brilliant Stars,0
180,Evolving Skies,0
SV087,Shining Fates,0
164,Twilight Masquerade,0
6,Fusion Strike,0
65,Scarlet & Violet 151,0
144,Paldean Fates,0
102,Prismatic Evolutions,0
106,Surging Sparks,0
214,Temporal Forces,0
70,Silver Tempest,0
114,Crown Zenith,0
224,Obsidian Flames,0
217,Twilight Masquerade,0
201,Evolving Skies,0
142,Stellar Crown,0
225,Scarlet & Violet,0
GG38,Crown Zenith,0
20,Darkness Ablaze,0
SV016,Shining Fates,0
213,Chilling Reign,0
218,Evolving Skies,0
186,Surging Sparks,0
113,Fusion Strike,0
210,Silver Tempest,0
SV115,Shining Fates,0
16,Champion'S Path,0
218,Twilight Masquerade,0
181,Chilling Reign,0
119,Darkness Ablaze,0
183,Darkness Ablaze,0
228,Scarlet & Violet,0
222,Twilight Masquerade,0
138,Prismatic Evolutions,0
SV056,Shining Fates,0
SV027,Shining Fates,0
183,Chilling Reign,0
135,Paldean Fates,0
110,Paldean Fates,0
208,Twilight Masquerade,0
43,Rebel Clash,0
19,Scarlet & Violet,0
34,Temporal Forces,0
262,Paldea Evolved,0
SV033,Shining Fates,0
207,Evolving Skies,0
167,Paldean Fates,0
71,Champion'S Path,0
162,Paldean Fates,0
127,Prismatic Evolutions,0
187,Vivid Voltage,0
124,Chilling Reign,0
147,Paldean Fates,0
193,Scarlet & Violet 151,0
TG06,Lost Origin,0
197,Lost Origin,0
187,Sword & Shield,0
83,Evolving Skies,0
189,Darkness Ablaze,0
198,Paradox Rift,0
179,Temporal Forces,0
107,Prismatic Evolutions,0
86,Scarlet & Violet,0
162,Stellar Crown,0
163,Prismatic Evolutions,0
155,Sword & Shield,0
22,Obsidian Flames,0
119,Chilling Reign,0
20,Vivid Voltage,0
71,Prismatic Evolutions,0
181,Vivid Voltage,0
TG16,Brilliant Stars,0
147,Crown Zenith,0
199,Lost Origin,0
TG17,Silver Tempest,0
72,Sword & Shield,0
194,Paldea Evolved,0
174,Prismatic Evolutions,0
GG09,Crown Zenith,0
207,Surging Sparks,0
30,Go,0
95,Shrouded Fable,0
182,Lost Origin,0
189,Twilight Masquerade,0
TG16,Lost Origin,0
171,Stellar Crown,0
199,Obsidian Flames,0
82,Shrouded Fable,0
171,Brilliant Stars,0
244,Paldea Evolved,0
134,Obsidian Flames,0
192,Lost Origin,0
22,Crown Zenith,0
99,Vivid Voltage,0
200,Evolving Skies,0
141,Sword & Shield,0
117,Darkness Ablaze,0
34,Prismatic Evolutions,0
GG29,Crown Zenith,0
22,Brilliant Stars,0
151,Paldean Fates,0
110,Battle Styles,0
92,Rebel Clash,0
156,Obsidian Flames,0
167,Astral Radiance,0
231,Paradox Rift,0
1,Sword & Shield,0
SV037,Shining Fates,0
244,Surging Sparks,0
38,Shrouded Fable,0
215,Sword & Shield,0
187,Twilight Masquerade,0
82,Prismatic Evolutions,0
SV021,Shining Fates,0
237,Paldea Evolved,0
164,Temporal Forces,0
217,Scarlet & Violet,0
243,Surging Sparks,0
93,Lost Origin,0
178,Chilling Reign,0
247,Scarlet & Violet,0
144,Stellar Crown,0
239,Paldean Fates,0
226,Scarlet & Violet,0
232,Paradox Rift,0
SV113,Shining Fates,0
156,Brilliant Stars,0
SV092,Shining Fates,0
183,Scarlet & Violet 151,0
217,Lost Origin,0
245,Scarlet & Violet,0
92,Shrouded Fable,0
235,Paldea Evolved,0
250,Paradox Rift,0
181,Paldean Fates,0
140,Paradox Rift,0
223,Twilight Masquerade,0
153,Temporal Forces,0
206,Scarlet & Violet,0
116,Crown Zenith,0
168,Twilight Masquerade,0
183,Evolving Skies,0
165,Battle Styles,0
169,Twilight Masquerade,0
193,Twilight Masquerade,0
SV118,Shining Fates,0
250,Surging Sparks,0
227,Surging Sparks,0
168,Scarlet & Violet 151,0
220,Paldean Fates,0
132,Paldean Fates,0
263,Paldea Evolved,0
255,Fusion Strike,0
94,Prismatic Evolutions,0
5,Prismatic Evolutions,0
190,Temporal Forces,0
TG10,Astral Radiance,0
195,Lost Origin,0
198,Sword & Shield,0
204,Rebel Clash,0
GG44,Crown Zenith,0
214,Surging Sparks,0
TG19,Silver Tempest,0
162,Prismatic Evolutions,0
145,Stellar Crown,0
TG08,Lost Origin,0
228,Paldea Evolved,0
66,Shrouded Fable,0
165,Twilight Masquerade,0
3,Prismatic Evolutions,0
197,Rebel Clash,0
GG18,Crown Zenith,0
TG11,Silver Tempest,0
SV045,Shining Fates,0
97,Prismatic Evolutions,0
108,Temporal Forces,0
8,Chilling Reign,0
264,Paldea Evolved,0
173,Temporal Forces,0
255,Paradox Rift,0
39,Prismatic Evolutions,0
23,Champion'S Path,0
159,Prismatic Evolutions,0
175,Vivid Voltage,0
181,Silver Tempest,0
99,Astral Radiance,0
159,Stellar Crown,0
211,Paldean Fates,0
201,Sword & Shield,0
199,Chilling Reign,0
120,Crown Zenith,0
21,Prismatic Evolutions,0
271,Fusion Strike,0
182,Scarlet & Violet 151,0
158,Battle Styles,0
192,Surging Sparks,0
188,Silver Tempest,0
127,Vivid Voltage,0
125,Paldean Fates,0
117,Battle Styles,0
TG06,Brilliant Stars,0
199,Paradox Rift,0
123,Paldean Fates,0
93,Prismatic Evolutions,0
TG03,Astral Radiance,0
215,Paldean Fates,0
TG17,Lost Origin,0
32,Champion'S Path,0
175,Stellar Crown,0
190,Silver Tempest,0
TG18,Lost Origin,0
65,Shining Fates,0
252,Surging Sparks,0
222,Evolving Skies,0
181,Twilight Masquerade,0
GG51,Crown Zenith,0
62,Shrouded Fable,0
172,Vivid Voltage,0
GG54,Crown Zenith,0
174,Silver Tempest,0
18,Astral Radiance,0
SV004,Shining Fates,0
86,Fusion Strike,0
252,Fusion Strike,0
TG14,Silver Tempest,0
65,Silver Tempest,0
78,Go,0
38,Shining Fates,0
157,Paldean Fates,0
159,Obsidian Flames,0
223,Paradox Rift,0
173,Stellar Crown,0
201,Fusion Strike,0
178,Scarlet & Violet 151,0
163,Twilight Masquerade,0
56,Prismatic Evolutions,0
185,Silver Tempest,0
TG09,Brilliant Stars,0
113,Crown Zenith,0
80,Chilling Reign,0
GG61,Crown Zenith,0
GG68,Crown Zenith,0
249,Paldea Evolved,0
276,Paldea Evolved,0
183,Temporal Forces,0
50,Astral Radiance,0
61,Paldea Evolved,0
189,Temporal Forces,0
180,Brilliant Stars,0
125,Prismatic Evolutions,0
57,Brilliant Stars,0
171,Battle Styles,0
204,Scarlet & Violet,0
27,Paradox Rift,0
97,Shrouded Fable,0
228,Obsidian Flames,0
69,Brilliant Stars,0
GG53,Crown Zenith,0
277,Paldea Evolved,0
149,Crown Zenith,0
70,Shining Fates,0
172,Evolving Skies,0
TG03,Silver Tempest,0
275,Fusion Strike,0
205,Evolving Skies,0
TG14,Astral Radiance,0
19,Shining Fates,0
80,Sword & Shield,0
237,Paradox Rift,0
236,Paldean Fates,0
173,Astral Radiance,0
131,Paldean Fates,0
64,Prismatic Evolutions,0
204,Chilling Reign,0
110,Evolving Skies,0
229,Scarlet & Violet,0
GG45,Crown Zenith,0
242,Surging Sparks,0
51,Evolving Skies,0
212,Sword & Shield,0
211,Temporal Forces,0
TG10,Silver Tempest,0
SV068,Shining Fates,0
202,Rebel Clash,0
GG17,Crown Zenith,0
219,Paradox Rift,0
169,Temporal Forces,0
208,Rebel Clash,0
191,Scarlet & Violet 151,0
TG02,Astral Radiance,0
202,Lost Origin,0
228,Surging Sparks,0
SV035,Shining Fates,0
238,Scarlet & Violet,0
193,Sword & Shield,0
86,Battle Styles,0
104,Fusion Strike,0
195,Silver Tempest,0
240,Paradox Rift,0
176,Rebel Clash,0
199,Evolving Skies,0
212,Temporal Forces,0
69,Prismatic Evolutions,0
170,Twilight Masquerade,0
TG07,Lost Origin,0
TG11,Lost Origin,0
204,Twilight Masquerade,0
152,Temporal Forces,0
168,Prismatic Evolutions,0
15,Champion'S Path,0
170,Evolving Skies,0
166,Prismatic Evolutions,0
50,Paradox Rift,0
GG04,Crown Zenith,0
197,Paradox Rift,0
219,Paldean Fates,0
201,Chilling Reign,0
59,Evolving Skies,0
176,Silver Tempest,0
180,Vivid Voltage,0
194,Vivid Voltage,0
220,Scarlet & Violet,0
200,Chilling Reign,0
247,Surging Sparks,0
118,Darkness Ablaze,0
12,Shrouded Fable,0
121,Paldean Fates,0
109,Prismatic Evolutions,0
29,Vivid Voltage,0
180,Paldean Fates,0
164,Stellar Crown,0
102,Silver Tempest,0
GG13,Crown Zenith,0
19,Battle Styles,0
200,Temporal Forces,0
GG63,Crown Zenith,0
145,Prismatic Evolutions,0
173,Battle Styles,0
221,Scarlet & Violet,0
92,Prismatic Evolutions,0
178,Prismatic Evolutions,0
211,Sword & Shield,0
201,Surging Sparks,0
49,Sword & Shield,0
19,Darkness Ablaze,0
208,Temporal Forces,0
174,Chilling Reign,0
36,Prismatic Evolutions,0
43,Prismatic Evolutions,0
211,Paradox Rift,0
166,Vivid Voltage,0
50,Battle Styles,0
8,Silver Tempest,0
177,Chilling Reign,0
191,Silver Tempest,0
223,Chilling Reign,0
237,Surging Sparks,0
94,Paldean Fates,0
29,Twilight Masquerade,0
50,Rebel Clash,0
77,Shrouded Fable,0
232,Evolving Skies,0
207,Paldean Fates,0
130,Paldea Evolved,0
GG32,Crown Zenith,0
17,Astral Radiance,0
SV085,Shining Fates,0
GG02,Crown Zenith,0
TG02,Brilliant Stars,0
67,Prismatic Evolutions,0
188,Astral Radiance,0
SV094,Shining Fates,0
GG15,Crown Zenith,0
209,Astral Radiance,0
TG20,Silver Tempest,0
218,Obsidian Flames,0
172,Paldean Fates,0
SV109,Shining Fates,0
179,Brilliant Stars,0
241,Scarlet & Violet,0
266,Paradox Rift,0
140,Paldean Fates,0
TG28,Lost Origin,0
203,Vivid Voltage,0
156,Battle Styles,0
228,Evolving Skies,0
184,Lost Origin,0
222,Scarlet & Violet,0
195,Rebel Clash,0
TG22,Brilliant Stars,0
207,Lost Origin,0
105,Brilliant Stars,0
234,Surging Sparks,0
229,Paradox Rift,0
TG26,Silver Tempest,0
120,Obsidian Flames,0
152,Stellar Crown,0
24,Silver Tempest,0
200,Sword & Shield,0
160,Brilliant Stars,0
172,Temporal Forces,0
222,Paradox Rift,0
TG23,Brilliant Stars,0
164,Battle Styles,0
213,Surging Sparks,0
185,Scarlet & Violet 151,0
73,Prismatic Evolutions,0
94,Evolving Skies,0
216,Astral Radiance,0
261,Fusion Strike,0
151,Scarlet & Violet 151,0
65,Brilliant Stars,0
90,Chilling Reign,0
178,Brilliant Stars,0
191,Sword & Shield,0
173,Brilliant Stars,0
93,Rebel Clash,0
200,Astral Radiance,0
248,Paldea Evolved,0
274,Paldea Evolved,0
57,Surging Sparks,0
176,Prismatic Evolutions,0
255,Scarlet & Violet,0
195,Scarlet & Violet 151,0
202,Sword & Shield,0
164,Prismatic Evolutions,0
194,Paradox Rift,0
GG10,Crown Zenith,0
146,Lost Origin,0
217,Fusion Strike,0
179,Evolving Skies,0
42,Obsidian Flames,0
228,Paldean Fates,0
46,Prismatic Evolutions,0
152,Brilliant Stars,0
211,Silver Tempest,0
187,Lost Origin,0
80,Stellar Crown,0
220,Paldea Evolved,0
54,Crown Zenith,0
264,Paradox Rift,0
190,Chilling Reign,0
154,Temporal Forces,0
162,Brilliant Stars,0
41,Prismatic Evolutions,0
55,Crown Zenith,0
221,Twilight Masquerade,0
197,Paldean Fates,0
141,Paldean Fates,0
186,Rebel Clash,0
175,Evolving Skies,0
173,Scarlet & Violet 151,0
28,Prismatic Evolutions,0
246,Paradox Rift,0
43,Vivid Voltage,0
193,Astral Radiance,0
77,Champion'S Path,0
6,Battle Styles,0
SV059,Shining Fates,0
107,Paldean Fates,0
223,Paldean Fates,0
225,Surging Sparks,0
238,Paradox Rift,0
76,Paradox Rift,0
201,Rebel Clash,0
283,Fusion Strike,0
117,Paldea Evolved,0
89,Shrouded Fable,0
245,Fusion Strike,0
30,Prismatic Evolutions,0
5,Paldean Fates,0
36,Rebel Clash,0
191,Lost Origin,0
GG25,Crown Zenith,0
TG18,Astral Radiance,0
171,Evolving Skies,0
TG03,Brilliant Stars,0
207,Scarlet & Violet 151,0
182,Battle Styles,0
185,Surging Sparks,0
174,Evolving Skies,0
SV052,Shining Fates,0
TG12,Astral Radiance,0
195,Surging Sparks,0
202,Scarlet & Violet,0
206,Lost Origin,0
247,Paldea Evolved,0
244,Scarlet & Violet,0
210,Paradox Rift,0
198,Vivid Voltage,0
81,Prismatic Evolutions,0
16,Brilliant Stars,0
39,Shining Fates,0
78,Astral Radiance,0
205,Sword & Shield,0
205,Temporal Forces,0
218,Chilling Reign,0
53,Sword & Shield,0
102,Obsidian Flames,0
166,Temporal Forces,0
85,Prismatic Evolutions,0
233,Paldean Fates,0
198,Astral Radiance,0
134,Paldean Fates,0
170,Scarlet & Violet 151,0
241,Surging Sparks,0
254,Fusion Strike,0
206,Chilling Reign,0
120,Temporal Forces,0
59,Silver Tempest,0
3,Paradox Rift,0
180,Lost Origin,0
181,Astral Radiance,0
114,Astral Radiance,0
40,Astral Radiance,0
204,Obsidian Flames,0
GG07,Crown Zenith,0
231,Evolving Skies,0
199,Paldean Fates,0
60,Darkness Ablaze,0
196,Lost Origin,0
37,Shrouded Fable,0
TG29,Lost Origin,0
14,Evolving Skies,0
81,Astral Radiance,0
209,Twilight Masquerade,0
175,Temporal Forces,0
173,Evolving Skies,0
207,Rebel Clash,0
235,Scarlet & Violet,0
SV015,Shining Fates,0
212,Evolving Skies,0
125,Scarlet & Violet,0
SV046,Shining Fates,0
15,Paldea Evolved,0
GG37,Crown Zenith,0
68,Shining Fates,0
177,Temporal Forces,0
24,Prismatic Evolutions,0
207,Chilling Reign,0
176,Scarlet & Violet 151,0
111,Evolving Skies,0
187,Silver Tempest,0
SV107,Shining Fates,0
227,Obsidian Flames,0
193,Evolving Skies,0
13,Champion'S Path,0
192,Paradox Rift,0
214,Twilight Masquerade,0
202,Temporal Forces,0
213,Paradox Rift,0
21,Darkness Ablaze,0
TG06,Silver Tempest,0
99,Darkness Ablaze,0
46,Crown Zenith,0
246,Fusion Strike,0
200,Scarlet & Violet 151,0
215,Lost Origin,0
64,Brilliant Stars,0
90,Silver Tempest,0
158,Prismatic Evolutions,0
TG08,Astral Radiance,0
21,Champion'S Path,0
180,Rebel Clash,0
127,Paldean Fates,0
61,Prismatic Evolutions,0
182,Surging Sparks,0
SV078,Shining Fates,0
218,Paradox Rift,0
86,Paldea Evolved,0
180,Silver Tempest,0
86,Go,0
128,Prismatic Evolutions,0
70,Evolving Skies,0
120,Sword & Shield,0
SV121,Shining Fates,0
191,Vivid Voltage,0
196,Paldea Evolved,0
199,Twilight Masquerade,0
153,Battle Styles,0
249,Paradox Rift,0
TG01,Astral Radiance,0
116,Prismatic Evolutions,0
TG21,Silver Tempest,0
169,Stellar Crown,0
76,Shrouded Fable,0
160,Paldean Fates,0
45,Brilliant Stars,0
123,Prismatic Evolutions,0
TG30,Brilliant Stars,0
162,Temporal Forces,0
203,Chilling Reign,0
52,Paldea Evolved,0
235,Surging Sparks,0
75,Evolving Skies,0
205,Lost Origin,0
192,Scarlet & Violet 151,0
235,Evolving Skies,0
TG04,Astral Radiance,0
128,Stellar Crown,0
187,Paldean Fates,0
226,Paldea Evolved,0
191,Evolving Skies,0
170,Chilling Reign,0
SV102,Shining Fates,0
201,Astral Radiance,0
220,Paradox Rift,0
122,Temporal Forces,0
82,Stellar Crown,0
175,Astral Radiance,0
114,Fusion Strike,0
167,Chilling Reign,0
1,Champion'S Path,0
225,Paldea Evolved,0
TG02,Lost Origin,0
224,Surging Sparks,0
186,Chilling Reign,0
SV097,Shining Fates,0
193,Paldean Fates,0
208,Paradox Rift,0
163,Astral Radiance,0
193,Darkness Ablaze,0
206,Temporal Forces,0
206,Paldea Evolved,0
37,Vivid Voltage,0
178,Silver Tempest,0
27,Lost Origin,0
145,Paldean Fates,0
201,Vivid Voltage,0
SV060,Shining Fates,0
202,Astral Radiance,0
22,Champion'S Path,0
170,Paldean Fates,0
171,Temporal Forces,0
68,Brilliant Stars,0
195,Twilight Masquerade,0
166,Evolving Skies,0
99,Crown Zenith,0
212,Astral Radiance,0
153,Obsidian Flames,0
101,Astral Radiance,0
71,Rebel Clash,0
199,Vivid Voltage,0
45,Crown Zenith,0
SV104,Shining Fates,0
117,Paldean Fates,0
154,Stellar Crown,0
111,Prismatic Evolutions,0
SV090,Shining Fates,0
120,Prismatic Evolutions,0
88,Battle Styles,0
183,Surging Sparks,0
147,Stellar Crown,0
282,Fusion Strike,0
196,Scarlet & Violet 151,0
206,Paldean Fates,0
66,Silver Tempest,0
95,Prismatic Evolutions,0
158,Paldean Fates,0
46,Shining Fates,0
217,Temporal Forces,0
GG41,Crown Zenith,0
172,Scarlet & Violet 151,0
233,Scarlet & Violet,0
260,Paradox Rift,0
139,Prismatic Evolutions,0
259,Fusion Strike,0
184,Evolving Skies,0
SV017,Shining Fates,0
185,Darkness Ablaze,0
SV005,Shining Fates,0
245,Paldean Fates,0
60,Temporal Forces,0
186,Darkness Ablaze,0
157,Brilliant Stars,0
54,Prismatic Evolutions,0
93,Paldea Evolved,0
190,Paradox Rift,0
99,Chilling Reign,0
240,Paldea Evolved,0
53,Crown Zenith,0
186,Silver Tempest,0
134,Astral Radiance,0
103,Prismatic Evolutions,0
209,Rebel Clash,0
209,Paldea Evolved,0
SV053,Shining Fates,0
TG19,Lost Origin,0
160,Astral Radiance,0
205,Chilling Reign,0
GG03,Crown Zenith,0
SV076,Shining Fates,0
226,Surging Sparks,0
184,Chilling Reign,0
213,Silver Tempest,0
152,Twilight Masquerade,0
82,Obsidian Flames,0
161,Brilliant Stars,0
181,Temporal Forces,0
178,Astral Radiance,0
210,Obsidian Flames,0
SV074,Shining Fates,0
213,Lost Origin,0
153,Paldea Evolved,0
212,Obsidian Flames,0
177,Paldean Fates,0
133,Paldean Fates,0
175,Scarlet & Violet 151,0
SV018,Shining Fates,0
TG20,Lost Origin,0
219,Scarlet & Violet,0
181,Battle Styles,0
75,Chilling Reign,0
208,Surging Sparks,0
199,Sword & Shield,0
225,Paldean Fates,0
113,Paldean Fates,0
TG25,Silver Tempest,0
147,Lost Origin,0
110,Prismatic Evolutions,0
26,Astral Radiance,0
178,Vivid Voltage,0
191,Twilight Masquerade,0
105,Stellar Crown,0
60,Crown Zenith,0
63,Paldea Evolved,0
60,Prismatic Evolutions,0
22,Fusion Strike,0
72,Champion'S Path,0
13,Evolving Skies,0
75,Go,0
29,Evolving Skies,0
256,Scarlet & Violet,0
231,Scarlet & Violet,0
SV093,Shining Fates,0
190,Evolving Skies,0
126,Vivid Voltage,0
SV020,Shining Fates,0
114,Brilliant Stars,0
168,Paldean Fates,0
203,Temporal Forces,0
185,Brilliant Stars,0
221,Chilling Reign,0
212,Lost Origin,0
100,Crown Zenith,0
218,Fusion Strike,0
TG13,Silver Tempest,0
TG07,Silver Tempest,0
67,Rebel Clash,0
159,Paldean Fates,0
8,Evolving Skies,0
68,Twilight Masquerade,0
172,Prismatic Evolutions,0
221,Surging Sparks,0
18,Brilliant Stars,0
163,Chilling Reign,0
204,Lost Origin,0
SV013,Shining Fates,0
263,Fusion Strike,0
43,Fusion Strike,0
158,Brilliant Stars,0
259,Paldea Evolved,0
100,Paldean Fates,0
181,Rebel Clash,0
GG49,Crown Zenith,0
206,Twilight Masquerade,0
179,Prismatic Evolutions,0
GG64,Crown Zenith,0
259,Paradox Rift,0
TG19,Astral Radiance,0
192,Rebel Clash,0
35,Rebel Clash,0
8,Champion'S Path,0
125,Obsidian Flames,0
TG25,Astral Radiance,0
SV041,Shining Fates,0
214,Paldea Evolved,0
SV007,Shining Fates,0
188,Evolving Skies,0
108,Paradox Rift,0
200,Vivid Voltage,0
160,Chilling Reign,0
127,Paldea Evolved,0
160,Stellar Crown,0
79,Champion'S Path,0
214,Chilling Reign,0
183,Rebel Clash,0
265,Paradox Rift,0
205,Paldean Fates,0
73,Shining Fates,0
TG15,Astral Radiance,0
SV099,Shining Fates,0
GG36,Crown Zenith,0
218,Paldean Fates,0
46,Paradox Rift,0
TG22,Astral Radiance,0
89,Paradox Rift,0
21,Battle Styles,0
TG12,Lost Origin,0
124,Scarlet & Violet 151,0
74,Go,0
79,Obsidian Flames,0
119,Paldean Fates,0
217,Surging Sparks,0
50,Temporal Forces,0
GG30,Crown Zenith,0
211,Lost Origin,0
112,Chilling Reign,0
278,Fusion Strike,0
TG29,Silver Tempest,0
156,Paldean Fates,0
198,Darkness Ablaze,0
10,Shining Fates,0
191,Darkness Ablaze,0
GG33,Crown Zenith,0
175,Rebel Clash,0
192,Paldean Fates,0
71,Shrouded Fable,0
217,Paldea Evolved,0
SV071,Shining Fates,0
161,Prismatic Evolutions,0
248,Paradox Rift,0
106,Paldean Fates,0
203,Evolving Skies,0
169,Prismatic Evolutions,0
160,Surging Sparks,0
103,Crown Zenith,0
210,Paldean Fates,0
27,Astral Radiance,0
224,Evolving Skies,0
101,Crown Zenith,0
179,Paldean Fates,0
243,Paldean Fates,0
SV075,Shining Fates,0
144,Darkness Ablaze,0
191,Chilling Reign,0
104,Crown Zenith,0
253,Scarlet & Violet,0
165,Temporal Forces,0
200,Silver Tempest,0
GG23,Crown Zenith,0
205,Paradox Rift,0
SV002,Shining Fates,0
189,Evolving Skies,0
SV069,Shining Fates,0
216,Obsidian Flames,0
153,Prismatic Evolutions,0
99,Temporal Forces,0
TG24,Silver Tempest,0
210,Scarlet & Violet,0
224,Paldean Fates,0
82,Lost Origin,0
271,Paldea Evolved,0
37,Surging Sparks,0
173,Lost Origin,0
143,Scarlet & Violet,0
222,Paldea Evolved,0
245,Surging Sparks,0
183,Silver Tempest,0
203,Twilight Masquerade,0
115,Sword & Shield,0
183,Lost Origin,0
GG50,Crown Zenith,0
204,Surging Sparks,0
198,Chilling Reign,0
236,Paradox Rift,0
254,Paradox Rift,0
97,Paldean Fates,0
243,Scarlet & Violet,0
190,Vivid Voltage,0
36,Vivid Voltage,0
129,Paldean Fates,0
217,Obsidian Flames,0
54,Shining Fates,0
92,Lost Origin,0
177,Scarlet & Violet 151,0
200,Obsidian Flames,0
209,Sword & Shield,0
203,Surging Sparks,0
214,Scarlet & Violet,0
40,Evolving Skies,0
185,Astral Radiance,0
115,Scarlet & Violet 151,0
SV103,Shining Fates,0
175,Silver Tempest,0
204,Evolving Skies,0
268,Paldea Evolved,0
46,Astral Radiance,0
232,Surging Sparks,0
76,Prismatic Evolutions,0
185,Paldean Fates,0
103,Paldean Fates,0
262,Fusion Strike,0
175,Brilliant Stars,0
GG66,Crown Zenith,0
227,Chilling Reign,0
181,Evolving Skies,0
SV008,Shining Fates,0
TG24,Lost Origin,0
36,Shrouded Fable,0
189,Sword & Shield,0
266,Fusion Strike,0
240,Surging Sparks,0
72,Shining Fates,0
257,Paldea Evolved,0
184,Silver Tempest,0
139,Sword & Shield,0
118,Paldean Fates,0
139,Paradox Rift,0
TG04,Silver Tempest,0
74,Chilling Reign,0
33,Silver Tempest,0
110,Rebel Clash,0
28,Brilliant Stars,0
6,Paldean Fates,0
198,Paldean Fates,0
154,Battle Styles,0
170,Silver Tempest,0
167,Stellar Crown,0
190,Astral Radiance,0
48,Surging Sparks,0
229,Surging Sparks,0
251,Paradox Rift,0
40,Scarlet & Violet 151,0
185,Lost Origin,0
122,Prismatic Evolutions,0
116,Darkness Ablaze,0
GG35,Crown Zenith,0
171,Scarlet & Violet 151,0
TG04,Brilliant Stars,0
133,Astral Radiance,0
214,Paradox Rift,0
223,Paldea Evolved,0
226,Evolving Skies,0
182,Twilight Masquerade,0
197,Twilight Masquerade,0
197,Sword & Shield,0
GG57,Crown Zenith,0
14,Brilliant Stars,0
159,Surging Sparks,0
49,Lost Origin,0
241,Paldea Evolved,0
188,Rebel Clash,0
TG16,Astral Radiance,0
27,Brilliant Stars,0
130,Surging Sparks,0
200,Lost Origin,0
GG65,Crown Zenith,0
193,Silver Tempest,0
51,Battle Styles,0
210,Lost Origin,0
179,Vivid Voltage,0
9,Vivid Voltage,0
261,Paradox Rift,0
220,Surging Sparks,0
195,Temporal Forces,0
104,Darkness Ablaze,0
183,Vivid Voltage,0
48,Brilliant Stars,0
69,Shining Fates,0
163,Brilliant Stars,0
36,Surging Sparks,0
TG11,Astral Radiance,0
216,Lost Origin,0
SV105,Shining Fates,0
18,Battle Styles,0
160,Prismatic Evolutions,0
7,Evolving Skies,0
208,Paldea Evolved,0
209,Lost Origin,0
212,Silver Tempest,0
194,Sword & Shield,0
25,Sword & Shield,0
18,Shining Fates,0
96,Crown Zenith,0
19,Rebel Clash,0
189,Rebel Clash,0
203,Sword & Shield,0
TG07,Astral Radiance,0
